Affiliate Program,Commission,Category,Paid Ads Policy,Cookie Expiration,Payout Threshold (),Avg Deal Value (),Avg Commission Per Sale,Video,Referral Link,Description
Easy Month End,30%,Accounting,All paid ads are allowed,60 days,$50.00,$89.00,$26.70,https://easymonthend.com/assets/easy-month-end-example-2baca5280d3bebce602d2e96ad62a18fbe5ab4c429415dc25ec39cd5b0c7221c.mp4,https://easymonthend.com/?red=finedz,"Tired of month-end closing feeling like a chaotic sprint? Imagine a world where your financial reporting is not just accurate, but effortless. Easy Month End is the revolutionary solution designed to streamline your entire closing process, transforming stress into serenity. By automating tedious tasks and providing real-time insights, you'll gain unparalleled visibility and control over your finances, freeing up valuable time to focus on strategic growth rather than manual reconciliation.

Easy Month End empowers businesses of all sizes to achieve financial clarity with unprecedented speed. Its intuitive interface and robust features ensure that every transaction is accounted for, every report is precise, and every deadline is met with confidence. Say goodbye to late nights and endless spreadsheets, and hello to a more efficient, compliant, and ultimately profitable financial future.

Don't let month-end be a burden any longer. Embrace the power of Easy Month End and experience the peace of mind that comes with perfectly managed financials. Join the growing number of businesses who are leveraging this innovative platform to optimize their operations and unlock their full financial potential. Start your journey to effortless financial closing today!"
Compass,20%,Productivity,Paid search ads are allowed,110 days,$20.00,$200.00,$40.00,https://www.youtube.com/watch?v=7gKBx-wdXVQ,https://icompass.io/?red=finedz,"Navigate your business landscape with absolute certainty using Compass, the ultimate strategic planning and execution platform. In today's dynamic market, having a clear roadmap is non-negotiable, and Compass provides just that ? a powerful tool to define your vision, set achievable goals, and meticulously track your progress. Transform your aspirations into actionable strategies and empower your team to move forward with unified purpose and direction.

Compass isn't just about planning; it's about intelligent execution. Its robust features allow you to monitor key performance indicators, identify bottlenecks, and adapt your strategies in real-time, ensuring you stay on course for success. From project management to resource allocation, Compass offers a holistic view of your operations, enabling data-driven decisions that propel your business ahead of the competition.

Stop guessing and start leading. With Compass, you gain the clarity and control needed to steer your organization towards its desired future. Unleash your full potential, align your teams, and achieve your strategic objectives faster and more effectively than ever before. Discover the power of precise direction with Compass."
Writecream,35%,Sales,All paid ads are allowed,90 days,$15.00,$50.00,$17.50,https://www.youtube.com/watch?v=GdUg4G2vv7M,https://www.writecream.com/?gr_pk=k0y3,"Unlock the power of AI-driven content creation with Writecream, your ultimate solution for generating compelling copy at an unprecedented speed. Whether you need engaging social media posts, persuasive sales emails, or captivating blog content, Writecream?s cutting-edge AI takes the guesswork out of writing, delivering high-quality, original text tailored to your specific needs. Say goodbye to writer's block and hello to endless creative possibilities!

Writecream is more than just a content generator; it's a productivity powerhouse for marketers, entrepreneurs, and anyone looking to amplify their message. With a wide array of templates and an intuitive interface, you can effortlessly craft compelling narratives that resonate with your audience and drive conversions. Spend less time struggling with words and more time engaging with your customers.

Revolutionize your content strategy and boost your online presence with Writecream. Experience the magic of AI-powered writing that understands your vision and translates it into impactful communication. Start creating effortlessly and elevate your brand's voice today ? your audience is waiting!"
Grape Leads,25%,Marketing,Paid ads are not allowed,60 days,$50.00,$200.00,$50.00,https://www.youtube.com/watch?v=aEPMrVB7h_U,https://grapeleads.com/?gr_pk=V3jd,"Tired of sifting through endless data for potential clients? Grape Leads is the intelligent lead generation platform that delivers high-quality, pre-qualified prospects directly to your sales pipeline. Say goodbye to generic lists and wasted efforts; our advanced algorithms and meticulous data curation ensure you connect with individuals and businesses genuinely interested in your offerings, dramatically increasing your conversion rates.

Grape Leads empowers your sales team to focus on what they do best: closing deals. With comprehensive insights into each lead, including contact information, industry, and expressed interests, your outreach becomes hyper-targeted and highly effective. Imagine a sales process where every conversation is with a genuinely warm lead, shortening your sales cycle and boosting your revenue.

Stop chasing and start attracting. Grape Leads is your secret weapon for accelerating business growth through precision-targeted lead generation. Invest in a solution that brings the right opportunities to your doorstep, allowing you to maximize your sales potential and achieve unprecedented success. Discover the difference of truly qualified leads with Grape Leads."
Reditus,30%,Marketing,Paid search ads are allowed,30 days,$50.00,$120.00,$36.00,https://www.youtube.com/watch?v=5ACI9O7iUrg,https://www.getreditus.com/?red=finedz,"Unlock the true potential of your affiliate marketing efforts with Reditus, the intuitive and powerful platform designed to maximize your revenue and streamline your partnerships. Say goodbye to complex tracking and manual payouts; Reditus offers a comprehensive suite of tools that empower businesses to manage, optimize, and scale their affiliate programs with unparalleled ease and efficiency.

Reditus provides real-time analytics, transparent reporting, and automated commission payouts, giving you complete visibility and control over your affiliate network. Attract top-tier affiliates, monitor their performance, and foster lucrative relationships that drive sustainable growth for your business. It's the ultimate solution for turning satisfied customers and influential partners into powerful sales channels.

Join the growing community of businesses leveraging Reditus to supercharge their marketing reach and achieve remarkable ROI. Whether you're launching a new affiliate program or looking to optimize an existing one, Reditus provides the robust infrastructure and insightful data you need to succeed. Elevate your affiliate marketing strategy with Reditus and watch your revenue soar."
TimelinesAI,20%,Sales,Paid ads are not allowed,60 days,$50.00,$99.00,$19.80,https://www.youtube.com/watch?v=oht-qoLMUMU,https://timelines.ai/?red=finedz,"Struggling to keep track of your customer conversations on WhatsApp? TimelinesAI is the groundbreaking solution that brings clarity and organization to your WhatsApp communications, transforming chaotic chats into actionable timelines. Designed for sales, support, and marketing teams, this platform ensures no message is missed, no lead is lost, and every customer interaction is efficiently managed and tracked.

TimelinesAI seamlessly integrates with your existing workflows, providing a shared inbox for your WhatsApp conversations, automated message routing, and detailed analytics. Empower your team to collaborate effectively, respond promptly, and deliver exceptional customer experiences on the platform where your audience spends most of their time. Say goodbye to scattered conversations and hello to streamlined engagement.

Elevate your customer communication strategy and boost your team's productivity with TimelinesAI. Transform WhatsApp from a personal messaging app into a powerful business tool that drives sales, enhances support, and builds stronger customer relationships. Get started today and experience the difference of organized, efficient WhatsApp management."
Algomo,25%,Sales,Paid search ads are allowed,60 days,$20.00,"$1,000.00",$250.00,https://www.youtube.com/watch?v=uRl3KdcPHG0,https://www.algomo.com/?red=finedz,"Step into the future of customer engagement with Algomo, the cutting-edge AI chatbot platform that revolutionizes how you interact with your audience. Deliver instant, personalized support 24/7, answer frequently asked questions, and guide customers through your services with unparalleled efficiency. Algomo empowers your business to provide exceptional service while dramatically reducing operational costs.

Algomo is more than just a chatbot; it's an intelligent virtual assistant that learns and adapts to your customers' needs, improving with every interaction. Seamlessly integrate it into your website, social media, and messaging platforms to provide a consistent and helpful experience across all touchpoints. Free up your human agents to focus on complex issues, while Algomo handles the routine queries with speed and precision.

Transform your customer service from a cost center into a powerful differentiator. With Algomo, you'll boost customer satisfaction, increase engagement, and drive conversions by being available and responsive whenever your customers need you most. Embrace the power of AI and elevate your customer experience to new heights with Algomo."
Insightful,30%,Productivity,Paid search ads are allowed,60 days,$50.00,$130.00,$39.00,https://www.youtube.com/watch?v=GRHMp9Ptxjc,https://www.insightful.io/?red=finedz,"Unlock peak team performance and optimize your operations with Insightful, the intelligent workforce analytics platform designed to provide unparalleled visibility into productivity and efficiency. Understand how your teams work, identify areas for improvement, and foster a more engaged and productive environment. Insightful empowers data-driven decisions that translate directly into business growth.

Insightful goes beyond basic monitoring, offering deep insights into application usage, task management, and potential bottlenecks, all while respecting employee privacy. Use these actionable insights to refine workflows, allocate resources more effectively, and ensure your team is always operating at its highest potential. It's about empowering your employees to be their best, not just watching them work.

Transform guesswork into strategic action with Insightful. Discover the hidden opportunities for efficiency within your organization and create a culture of continuous improvement. Boost productivity, reduce operational costs, and drive your business forward with the power of intelligent workforce analytics. Get truly insightful about your team's performance with Insightful."
Snitcher,25%,Sales,Paid ads are not allowed,90 days,$50.00,$240.00,$60.00,https://www.youtube.com/watch?v=DSHCYQ-Yp9E,https://snitcher.com/?red=finedz,"Gain crystal-clear visibility into your website visitors and unlock hidden sales opportunities with Snitcher, the advanced lead identification platform. Imagine knowing exactly which companies are Browse your site, what pages they're visiting, and their precise interests ? even before they fill out a form! Snitcher empowers your sales and marketing teams with invaluable intel for hyper-targeted outreach.

Snitcher provides real-time company identification, detailed visitor behavior analytics, and integration with your CRM, transforming anonymous website traffic into actionable sales leads. Say goodbye to generic follow-ups and hello to personalized, timely engagements that resonate with your prospects. Shorten your sales cycle and boost your conversion rates like never before.

Stop letting valuable website traffic slip through your fingers. With Snitcher, you gain the competitive edge by proactively identifying and engaging with your most promising leads. Turn passive visitors into active prospects and accelerate your business growth. Discover the power of knowing who's on your site with Snitcher."
UptimeRobot,20%,Development,Paid ads are not allowed,30 days,$100.00,$50.00,$10.00,https://www.youtube.com/watch?v=QccxtDH6RIo,https://uptimerobot.com/?red=finedz,"Ensure your online presence is always available and performing flawlessly with UptimeRobot, the industry-leading website monitoring service. In today's always-on world, every minute of downtime means lost revenue and damaged reputation. UptimeRobot provides real-time alerts and comprehensive monitoring, giving you peace of mind that your website, servers, and applications are always accessible to your customers.

UptimeRobot offers a robust suite of monitoring capabilities, including HTTP(S), ping, port, and keyword monitoring, ensuring a thorough check of your online assets. Receive instant notifications via email, SMS, Slack, and more, allowing you to react swiftly to any issues before they impact your users. It's proactive protection for your most critical digital assets.

Don't let unexpected outages cost you valuable business. Invest in the reliability and peace of mind that UptimeRobot provides. With its user-friendly interface and dependable monitoring, you can focus on growing your business, knowing that your online services are under constant, vigilant watch. Keep your business running smoothly with UptimeRobot."
Venly,20%,Development,Paid search ads are allowed,90 days,$50.00,$499.00,$99.80,https://www.youtube.com/watch?v=DIdaw-IF2WE,https://venly.io/?red=finedz,"Step into the decentralized future with Venly, the comprehensive blockchain technology provider empowering businesses to seamlessly integrate Web3 functionalities into their applications and services. From secure digital wallets to NFT marketplace solutions, Venly simplifies the complexities of blockchain, allowing you to innovate and engage with the emerging digital economy with confidence and ease.

Venly offers a suite of developer-friendly tools and APIs, enabling you to build immersive Web3 experiences without deep blockchain expertise. Whether you're exploring digital collectibles, gaming, or tokenization, Venly provides the robust infrastructure and secure solutions to bring your vision to life. Expand your reach and tap into new revenue streams in the burgeoning blockchain space.

Don't be left behind in the Web3 revolution. Partner with Venly to unlock the transformative power of blockchain technology for your business. Leverage their expertise and cutting-edge solutions to create secure, engaging, and future-proof digital experiences that captivate your audience and drive innovation. Build your Web3 future with Venly."
ReactIn,30%,Sales,Paid search ads are allowed,60 days,$50.00,$60.00,$18.00,https://www.youtube.com/watch?v=O0-4dhDSzxE,https://www.reactin.io/?red=finedz,"Supercharge your online presence and engage your audience like never before with ReactIn, the dynamic platform designed to enhance user interaction and drive conversions. ReactIn brings your website to life with interactive elements, personalized content, and real-time engagement tools that capture attention and encourage meaningful participation from your visitors.

ReactIn empowers you to create compelling calls to action, conduct polls, quizzes, and surveys, and deliver targeted messages that resonate with individual users. Its intuitive interface makes it easy to implement engaging experiences that increase time on site, reduce bounce rates, and guide your visitors seamlessly through their journey, ultimately boosting your bottom line.

Stop being a passive website and start being an interactive experience. With ReactIn, you can transform your digital properties into vibrant hubs of engagement that convert visitors into loyal customers. Elevate your user experience, gather valuable insights, and accelerate your business growth. Get your audience reacting with ReactIn."
WebinarGeek,20%,Marketing,Paid ads are not allowed,30 days,$54.35,$87.64,$17.53,https://www.youtube.com/watch?v=qHfcjlNQ-4o,https://app.webinargeek.com/?red=finedz,"Host engaging, professional, and highly effective webinars with ease using WebinarGeek, the all-in-one platform designed to maximize your audience reach and impact. Whether you're conducting a sales presentation, a training session, or a community event, WebinarGeek provides the robust tools and intuitive interface you need to deliver a flawless online experience that captivates your attendees.

WebinarGeek offers comprehensive features, including customizable registration pages, interactive polls and Q&A, automated email reminders, and detailed analytics, ensuring every aspect of your webinar is optimized for success. Reach a global audience, build your authority, and generate leads with a platform that simplifies the entire webinar process from start to finish.

Don't settle for mediocre online events. Elevate your digital presentations and connect with your audience on a deeper level with WebinarGeek. Transform passive viewers into active participants and achieve your communication goals with a professional, reliable, and user-friendly webinar solution. Go live with confidence, powered by WebinarGeek."
WarmupInbox,20%,Sales,Paid ads are not allowed,60 days,$100.00,$340.00,$68.00,https://www.youtube.com/watch?v=MAjan-HlSbE,https://www.warmupinbox.com/?red=finedz,"Tired of your meticulously crafted emails landing in the spam folder? WarmupInbox is the essential solution for ensuring your emails consistently reach the inbox, maximizing your deliverability and open rates. By gradually building your sender reputation, WarmupInbox helps you establish trust with email providers, guaranteeing your messages are seen by your intended audience.

WarmupInbox automates the crucial process of email warming, sending and receiving emails from a network of real inboxes to simulate authentic engagement. This organic activity signals to ISPs that your emails are legitimate and valuable, significantly improving your sender score and preventing your campaigns from being flagged as spam. It's the silent force behind successful email marketing.

Don't let your valuable outreach efforts go to waste. Invest in WarmupInbox and safeguard your email deliverability, ensuring your marketing, sales, and transactional emails always hit their mark. Boost your engagement, increase your conversions, and build stronger relationships with your audience. Give your emails the best chance of success with WarmupInbox."
Pricefy,30%,Business,All paid ads are allowed,60 days,$50.00,$149.00,$44.70,https://www.youtube.com/watch?v=t6RRcWSHRok,https://www.pricefy.io/?red=finedz,"Take control of your pricing strategy and maximize your profitability with Pricefy, the intelligent dynamic pricing platform designed for competitive retail. In today's fast-paced market, static pricing is a recipe for missed opportunities. Pricefy empowers you to respond to market fluctuations, competitor actions, and demand changes in real-time, ensuring your prices are always optimized for revenue and margin.

Pricefy leverages advanced algorithms and competitor monitoring to provide data-driven recommendations, allowing you to set prices that attract customers while protecting your bottom line. Automate price adjustments, conduct A/B tests, and gain deep insights into pricing performance, all from an intuitive dashboard. It's about turning pricing into a powerful lever for growth.

Stop leaving money on the table. With Pricefy, you'll gain the strategic advantage needed to outperform competitors and capture maximum market share. Embrace the power of dynamic pricing and transform your pricing strategy from a challenge into your greatest asset. Optimize your profits and dominate your market with Pricefy."
EmailListVerify,15%,Sales,Paid ads are not allowed,60 days,$100.00,$300.00,$45.00,https://www.youtube.com/watch?v=8HTHx6dRB9k,https://www.emaillistverify.com/?red=finedz,"Maintain a clean, high-performing email list and protect your sender reputation with EmailListVerify, the essential email verification service. Sending to invalid or outdated email addresses not only wastes resources but also severely damages your deliverability and can lead to your emails being marked as spam. EmailListVerify ensures every email on your list is valid and active, boosting your campaign effectiveness.

EmailListVerify employs sophisticated validation techniques to identify and remove bounces, spam traps, temporary emails, and other risky addresses, leaving you with a pristine list of engaged subscribers. Integrate seamlessly with your existing marketing platforms and enjoy higher open rates, better conversions, and a healthier email ecosystem. It's the proactive step to ensuring your emails reach their destination.

Don't let a cluttered email list compromise your marketing success. Invest in the accuracy and efficiency that EmailListVerify provides. Safeguard your sender reputation, maximize your campaign ROI, and build stronger relationships with a verified and responsive audience. Clean up your list and boost your results with EmailListVerify."
Focal AI,30%,Productivity,All paid ads are allowed,60 days,$50.00,$20.00,$6.00,https://www.youtube.com/watch?v=B3Ik-iLAziU,https://getfocal.co/?red=finedz,"Unlock the full potential of your visual content with Focal AI, the cutting-edge artificial intelligence platform designed to enhance, analyze, and optimize your images and videos. From intelligent tagging and content moderation to personalized recommendations and enhanced searchability, Focal AI transforms raw visuals into powerful, actionable insights that drive engagement and business growth.

Focal AI leverages advanced computer vision and machine learning to understand the nuances of your visual assets, enabling automated classification, object detection, and even sentiment analysis within your media. Improve your content management, personalize user experiences, and gain a deeper understanding of your audience through the power of intelligent visual recognition.

Step into the future of visual content management and strategy. With Focal AI, you can streamline your operations, unlock new creative possibilities, and derive unprecedented value from your visual data. Elevate your brand, engage your audience, and drive innovation with the intelligent capabilities of Focal AI."
Geo Targetly,20%,Marketing,Paid ads are not allowed,60 days,$50.00,$80.00,$16.00,https://www.youtube.com/watch?v=_mySLWkD_zg,https://geotargetly.com/?red=finedz,"Maximize your marketing impact and deliver hyper-personalized experiences with Geo Targetly, the dynamic geo-targeting platform. Stop treating all your customers the same; Geo Targetly empowers you to deliver location-specific content, offers, and messages that resonate deeply with your audience, boosting engagement and driving higher conversion rates.

Geo Targetly allows you to effortlessly customize your website content, display targeted pop-ups, redirect users, and even dynamically change pricing based on their geographic location. Whether you're running local promotions or tailoring experiences for different regions, Geo Targetly provides the precision and flexibility you need to connect with your audience where they are.

Don't let your valuable visitors leave without a personalized experience. With Geo Targetly, you can transform your global audience into a series of highly engaged local markets. Increase relevance, improve user satisfaction, and unlock new revenue opportunities by speaking directly to your audience's location. Make every visit count with Geo Targetly."
Growth-X,30%,Marketing,All paid ads are allowed,60 days,$30.00,$99.00,$29.70,https://www.youtube.com/watch?v=4MKm0Hdw1hk,https://growth-x.com/?red=finedz,"Accelerate your business development and build powerful outreach campaigns with Growth-X, the all-in-one B2B sales automation platform. Tired of manual prospecting and generic outreach? Growth-X empowers you to identify ideal prospects, personalize your messaging at scale, and automate follow-ups, ensuring your sales pipeline is consistently full of qualified opportunities.

Growth-X leverages intelligent lead generation, LinkedIn outreach automation, and email sequencing to streamline your entire sales development process. Focus on closing deals while Growth-X does the heavy lifting of finding, engaging, and nurturing prospects, transforming cold leads into warm conversations and ultimately, paying customers.

Stop leaving growth to chance. With Growth-X, you gain the strategic advantage needed to scale your sales efforts, reduce your cost per acquisition, and achieve consistent revenue growth. Build more relationships, close more deals, and expand your market reach with the powerful automation and insights provided by Growth-X. Unleash your growth potential today."
Boomerangme,40%,Marketing,Paid ads are not allowed,60 days,$50.00,$259.00,$103.60,https://www.youtube.com/watch?v=qFGHrMb_KOM,https://app.boomerangme.cards/promo/en/?red=finedz,"Transform your loyal customers into powerful brand advocates with Boomerangme, the innovative digital loyalty program platform. Say goodbye to outdated punch cards and embrace a modern, engaging solution that encourages repeat business, increases customer lifetime value, and generates invaluable word-of-mouth referrals. Boomerangme makes loyalty effortless and rewarding for both you and your customers.

Boomerangme allows you to create customizable digital loyalty cards, manage personalized rewards, and communicate directly with your most valuable customers through a user-friendly app. Track customer behavior, identify your biggest fans, and run targeted campaigns that foster deeper connections and drive sustainable growth for your business.

Don't just sell to customers; build a community of enthusiastic supporters. With Boomerangme, you can cultivate lasting relationships, boost customer retention, and unlock the power of organic marketing through satisfied clients. Reward loyalty, inspire advocacy, and watch your business thrive with Boomerangme."
Joiin,40%,Accounting,Paid ads are not allowed,90 days,$25.00,$80.00,$32.00,https://www.youtube.com/watch?v=xoT1us-MwDs,https://joiin.co/?red=finedz&utm_source=finedz&utm_medium=revshare&utm_affiliate_network=reditus,"Simplify your consolidated financial reporting and gain crystal-clear insights across multiple entities with Joiin, the powerful financial consolidation software. Whether you manage several companies, departments, or projects, Joiin streamlines the complex process of combining financial data, providing a single, accurate, and real-time view of your entire organization's performance.

Joiin seamlessly integrates with popular accounting software, automating data collection and reconciliation, eliminating manual errors, and saving countless hours previously spent on spreadsheet consolidation. Generate comprehensive reports, analyze intercompany transactions, and make informed strategic decisions with confidence, all from a centralized, intuitive platform.

Stop drowning in disparate financial data and start making smarter business decisions. With Joiin, you'll gain the clarity and control needed to navigate complex financial structures and drive profitable growth across your entire portfolio. Unlock the power of unified financial intelligence with Joiin."
Factors.ai,15%,Marketing,All paid ads are allowed,90 days,$100.00,$250.00,$37.50,https://www.youtube.com/watch?v=mCB4tzhqwSk,https://www.factors.ai/?gr_pk=Q3mn,"Unlock the true ROI of your marketing efforts and gain unparalleled insights into your customer journeys with Factors.ai, the advanced marketing attribution and analytics platform. Stop guessing which channels are driving conversions; Factors.ai provides a comprehensive, data-driven view of every touchpoint, allowing you to optimize your spend and accelerate your growth.

Factors.ai goes beyond last-click attribution, leveraging sophisticated models to accurately credit every interaction that contributes to a conversion. Understand the full customer lifecycle, identify your most effective channels and campaigns, and make smarter investment decisions that directly impact your bottom line. It?s about maximizing your marketing efficiency and revenue.

Don't let your marketing budget go to waste. With Factors.ai, you can confidently allocate resources to the strategies that truly work, boosting your ROI and driving sustainable business expansion. Gain the competitive edge through deep, actionable marketing intelligence. Get all the Factors you need for growth with Factors.ai."
Super Monitoring,30%,Development,Paid ads are not allowed,60 days,$50.00,$150.00,$45.00,https://www.youtube.com/watch?v=EUUbaqqLH9s&t,https://www.supermonitoring.com/?red=finedz,"Ensure your website and online services are always performing optimally and available to your customers with Super Monitoring, the reliable and comprehensive monitoring solution. In today's competitive digital landscape, even brief outages can lead to lost revenue and damaged reputation. Super Monitoring provides peace of mind through vigilant oversight and instant alerts.

Super Monitoring offers a wide range of monitoring checks, including website uptime, server performance, port availability, and content changes, ensuring every aspect of your online presence is secure and functional. Receive immediate notifications via SMS, email, or other channels the moment an issue arises, allowing you to respond swiftly and minimize impact.

Don't let downtime be a roadblock to your success. With Super Monitoring, you can proactively identify and resolve issues before they affect your users, maintaining trust and ensuring continuous service delivery. Safeguard your online assets and keep your business running smoothly with the dependable power of Super Monitoring."
Pointerpro,25%,Business,Paid ads are not allowed,90 days,$50.00,$400,$100,https://www.youtube.com/watch?v=WQHshmOA9aA,https://pointerpro.com/?red=finedz,"Transform your expertise into a scalable, revenue-generating machine with Pointerpro, the cutting-edge platform for creating dynamic online assessments and automated, personalized reports. Say goodbye to manual feedback generation and endless hours of client consultation; Pointerpro empowers consultants, coaches, HR professionals, and marketers to deliver high-value, bespoke advice at scale, effortlessly turning insights into impact.

PointerPro provides a robust suite of features, including intuitive questionnaire builders, advanced scoring logic, and a powerful drag-and-drop report builder, allowing you to craft engaging assessments that capture precise data. Automatically generate detailed, branded PDF reports tailored to each respondent, delivering actionable advice that establishes your authority, builds client trust, and significantly boosts your lead generation efforts.

Don't just gather data; activate your knowledge. With Pointerpro, you can digitize your advisory services, free up invaluable time, and expand your reach like never before. Unlock new revenue streams and revolutionize how you engage with your audience, providing unparalleled value and demonstrating your unique expertise with every personalized report. Elevate your advisory business and amplify your impact with Pointerpro."
